{
  "CoverPageSectionId": "5c0e4615-ed85-4807-9d40-5b1189106540",
  "Id": "e6b643c098da402e85a9a77b80dee95c",
  "Revision": 94,
  "Children": [
    {
      "$type": "Group",
      "Children": [
        {
          "$type": "StaticText",
          "Children": [],
          "VariableName": "",
          "PublicKey": "04edb215-7d9e-1229-6af6-e3bc3ca1a6f3",
          "Text": "",
          "AttachmentName": "censLogo",
          "ValidationConditions": [],
          "ConditionExpression": "",
          "HideIfDisabled": false
        },
        {
          "$type": "TextQuestion",
          "QuestionType": 7,
          "Mask": "NIF######",
          "Answers": [],
          "Children": [],
          "ConditionExpression": "",
          "HideIfDisabled": false,
          "Featured": true,
          "Instructions": "Note that every form has a unique reference code. The reference code will follow this pattern <font color=\"“Navy”\">NIF######</font>. The NIF has been entered for you please  enter the last six digits to bring out the npd information form for data transcribing.",
          "Properties": {
            "HideInstructions": false,
            "UseFormatting": false
          },
          "PublicKey": "e1652908-674f-5f0c-1c56-bfadef7231ec",
          "QuestionScope": 0,
          "QuestionText": "*️⃣ What is the <font color=\"“Blue”\">Reference Code</font> on the form?",
          "StataExportCaption": "referenceCode",
          "VariableLabel": "reference_code",
          "IsTimestamp": false,
          "ValidationConditions": [],
          "VariableName": "referenceCode"
        }
      ],
      "ConditionExpression": "",
      "HideIfDisabled": false,
      "IsFlatMode": false,
      "IsPlainMode": false,
      "DisplayMode": 0,
      "Enabled": true,
      "Description": "",
      "VariableName": "cenCAFE",
      "IsRoster": false,
      "CustomRosterTitle": false,
      "RosterSizeSource": 0,
      "FixedRosterTitles": [],
      "PublicKey": "5c0e4615-ed85-4807-9d40-5b1189106540",
      "Title": "Population and Housing Census CAFE"
    },
    {
      "$type": "Group",
      "Children": [
        {
          "$type": "MultimediaQuestion",
          "QuestionType": 11,
          "IsSignature": false,
          "Answers": [],
          "Children": [],
          "ConditionExpression": "",
          "HideIfDisabled": false,
          "Featured": false,
          "Instructions": "Please capture the full clear image of the form....",
          "Properties": {
            "HideInstructions": false,
            "UseFormatting": false
          },
          "PublicKey": "e174197f-77b7-ddb1-1261-21b7eba7cdfa",
          "QuestionScope": 0,
          "QuestionText": "1*. Taka the picture of the form with reference code (%referenceCode%)  you have entered...",
          "StataExportCaption": "pictNIF",
          "VariableLabel": "picture_NIF",
          "IsTimestamp": false,
          "ValidationConditions": [],
          "VariableName": "pictNIF"
        },
        {
          "$type": "TextQuestion",
          "QuestionType": 7,
          "Mask": "",
          "Answers": [],
          "Children": [],
          "ConditionExpression": "",
          "HideIfDisabled": false,
          "Featured": false,
          "Instructions": "What is the adress on the npd form? Type it below......",
          "Properties": {
            "HideInstructions": false,
            "UseFormatting": false
          },
          "PublicKey": "5b860b81-6b08-4911-b33a-4a9a286c7cf3",
          "QuestionScope": 0,
          "QuestionText": "2*. Address:",
          "StataExportCaption": "npd_address",
          "VariableLabel": "npd_address",
          "IsTimestamp": false,
          "ValidationConditions": [],
          "VariableName": "npd_address"
        },
        {
          "$type": "TextQuestion",
          "QuestionType": 7,
          "Answers": [],
          "Children": [],
          "ConditionExpression": "",
          "HideIfDisabled": false,
          "Featured": false,
          "Instructions": "What is the location on the npd form? Type it below..........",
          "Properties": {
            "HideInstructions": false,
            "UseFormatting": false
          },
          "PublicKey": "ad182b6d-eab4-480c-a7c2-38e6fa070a10",
          "QuestionScope": 0,
          "QuestionText": "3*. Location:",
          "StataExportCaption": "location",
          "VariableLabel": "location",
          "IsTimestamp": false,
          "ValidationConditions": [],
          "VariableName": "location"
        },
        {
          "$type": "TextQuestion",
          "QuestionType": 7,
          "Answers": [],
          "Children": [],
          "ConditionExpression": "",
          "HideIfDisabled": false,
          "Featured": false,
          "Instructions": "What is the section on the npd form? Type it below..........",
          "Properties": {
            "HideInstructions": false,
            "UseFormatting": false
          },
          "PublicKey": "3323536e-120c-4214-abd3-b71acab1bfc2",
          "QuestionScope": 0,
          "QuestionText": "4*. Section:",
          "StataExportCaption": "section",
          "VariableLabel": "section",
          "IsTimestamp": false,
          "ValidationConditions": [],
          "VariableName": "section"
        },
        {
          "$type": "NumericQuestion",
          "QuestionType": 4,
          "IsInteger": true,
          "UseFormatting": false,
          "Answers": [],
          "Children": [],
          "ConditionExpression": "",
          "HideIfDisabled": false,
          "Featured": false,
          "Instructions": "What is the lot number on the npd form? Enter below..........",
          "Properties": {
            "HideInstructions": true,
            "UseFormatting": false
          },
          "PublicKey": "6fb44ae4-1672-47fe-bb60-446a16f8a9d9",
          "QuestionScope": 0,
          "QuestionText": "5. Lot:",
          "StataExportCaption": "lot",
          "VariableLabel": "lot",
          "IsTimestamp": false,
          "ValidationConditions": [],
          "VariableName": "lot"
        },
        {
          "$type": "TextQuestion",
          "QuestionType": 7,
          "Answers": [],
          "Children": [],
          "ConditionExpression": "",
          "HideIfDisabled": false,
          "Featured": false,
          "Instructions": "What is the Name of NPD owner on the npd form? Type it below..............",
          "Properties": {
            "HideInstructions": true,
            "UseFormatting": false
          },
          "PublicKey": "16c342e8-97ee-40c3-a0b0-c680be9c28c7",
          "QuestionScope": 0,
          "QuestionText": "6*. Name of NPD owner:",
          "StataExportCaption": "ownerName",
          "VariableLabel": "ownerName",
          "IsTimestamp": false,
          "ValidationConditions": [],
          "VariableName": "ownerName"
        },
        {
          "$type": "TextQuestion",
          "QuestionType": 7,
          "Answers": [],
          "Children": [],
          "ConditionExpression": "",
          "HideIfDisabled": false,
          "Featured": false,
          "Instructions": "What is the name of person to contact on the npd form? Type it below..............",
          "Properties": {
            "HideInstructions": false,
            "UseFormatting": false
          },
          "PublicKey": "ae439e83-081b-4be1-a4f1-f4bd919f72df",
          "QuestionScope": 0,
          "QuestionText": "7*. <font color=\"“DarkSlateBlue”\">Contact Person's Details</font>\n<br>\n<br> \n(a). Name of Person(s) to contact:",
          "StataExportCaption": "contact_person",
          "VariableLabel": "contact_person",
          "IsTimestamp": false,
          "ValidationConditions": [],
          "VariableName": "contact_person"
        },
        {
          "$type": "TextQuestion",
          "QuestionType": 7,
          "Answers": [],
          "Children": [],
          "ConditionExpression": "",
          "HideIfDisabled": false,
          "Featured": false,
          "Instructions": "",
          "Properties": {
            "HideInstructions": false,
            "UseFormatting": false
          },
          "PublicKey": "c8499b9b-0716-6467-136e-fd1954b3d296",
          "QuestionScope": 0,
          "QuestionText": "(b) Person's title",
          "StataExportCaption": "person_title",
          "VariableLabel": "contact person title",
          "IsTimestamp": false,
          "ValidationConditions": [],
          "VariableName": "person_title"
        },
        {
          "$type": "NumericQuestion",
          "QuestionType": 4,
          "IsInteger": true,
          "UseFormatting": false,
          "Answers": [],
          "Children": [],
          "ConditionExpression": "",
          "HideIfDisabled": false,
          "Featured": false,
          "Instructions": "What is the contact person's phone number on the npd form? Enter below..............",
          "Properties": {
            "HideInstructions": false,
            "UseFormatting": false
          },
          "PublicKey": "a4d3faad-71d1-47c7-bcdc-43907d174b63",
          "QuestionScope": 0,
          "QuestionText": "(c). Phone number:",
          "StataExportCaption": "contact_num",
          "VariableLabel": "contact_num",
          "IsTimestamp": false,
          "ValidationConditions": [],
          "VariableName": "contact_num"
        },
        {
          "$type": "TextQuestion",
          "QuestionType": 7,
          "Answers": [],
          "Children": [],
          "ConditionExpression": "",
          "HideIfDisabled": false,
          "Featured": false,
          "Instructions": "What is the contact person's email on the npd form? Type it below..............",
          "Properties": {
            "HideInstructions": false,
            "UseFormatting": false
          },
          "PublicKey": "16dbd44e-cd6c-4a80-8dd4-f3fb9dc794cd",
          "QuestionScope": 0,
          "QuestionText": "(d). Email address (if any):",
          "StataExportCaption": "contact_email",
          "VariableLabel": "contact_email",
          "IsTimestamp": false,
          "ValidationConditions": [],
          "VariableName": "contact_email"
        },
        {
          "$type": "NumericQuestion",
          "QuestionType": 4,
          "IsInteger": true,
          "UseFormatting": false,
          "Answers": [],
          "Children": [],
          "ConditionExpression": "",
          "HideIfDisabled": false,
          "Featured": false,
          "Instructions": "What is the contact person's facsimile number on the npd form? Enter below..............",
          "Properties": {
            "HideInstructions": false,
            "UseFormatting": false
          },
          "PublicKey": "e8c6b0b0-42f3-4891-947d-4b5a397c72c7",
          "QuestionScope": 0,
          "QuestionText": "(e). Facsimile number (if any)",
          "StataExportCaption": "contact_facsimile",
          "VariableLabel": "contact_facsimile",
          "IsTimestamp": false,
          "ValidationConditions": [],
          "VariableName": "contact_facsimile"
        },
        {
          "$type": "TextQuestion",
          "QuestionType": 7,
          "Answers": [],
          "Children": [],
          "ConditionExpression": "",
          "HideIfDisabled": false,
          "Featured": false,
          "Instructions": "Please copy details on cooking arrangement for this npd form.",
          "Properties": {
            "HideInstructions": false,
            "UseFormatting": false
          },
          "PublicKey": "3c25bad9-e0ac-410b-8ac8-e0d4b25cc68c",
          "QuestionScope": 0,
          "QuestionText": "8*. <font color=\"“DarkSlateBlue”\">Cooking Arrangement</font>\n<br>\n<br>\nDescribe cooking arrangement",
          "StataExportCaption": "cooking_arragement",
          "VariableLabel": "cooking_arragement",
          "IsTimestamp": false,
          "ValidationConditions": [],
          "VariableName": "cooking_arragement"
        },
        {
          "$type": "NumericQuestion",
          "QuestionType": 4,
          "IsInteger": true,
          "UseFormatting": false,
          "Answers": [],
          "Children": [],
          "ConditionExpression": "",
          "HideIfDisabled": false,
          "Featured": false,
          "Instructions": "What is the total number of blocks on this npd form? Enter below..............",
          "Properties": {
            "HideInstructions": false,
            "UseFormatting": false
          },
          "PublicKey": "a7f19ae7-fbc2-482c-9f44-3d36e8c687b2",
          "QuestionScope": 0,
          "QuestionText": "9*. <font color=\"“DarkSlateBlue”\">Sleeping Arrangement</font>\n<br>\n<br>\n(a) Total number of blocks",
          "StataExportCaption": "totalBlocks",
          "VariableLabel": "total_blocks",
          "IsTimestamp": false,
          "ValidationConditions": [],
          "VariableName": "totalBlocks"
        },
        {
          "$type": "NumericQuestion",
          "QuestionType": 4,
          "IsInteger": true,
          "UseFormatting": false,
          "Answers": [],
          "Children": [],
          "ConditionExpression": "",
          "HideIfDisabled": false,
          "Featured": false,
          "Instructions": "What is the total number of rooms/cubicles on this npd form? Enter below..............",
          "Properties": {
            "HideInstructions": true,
            "UseFormatting": false
          },
          "PublicKey": "af093999-ecdb-4e17-bc43-09307767de0d",
          "QuestionScope": 0,
          "QuestionText": "(b) Total number of rooms / cubicules",
          "StataExportCaption": "totalRooms",
          "VariableLabel": "total_rooms",
          "IsTimestamp": false,
          "ValidationConditions": [
            {
              "Expression": "self  >= totalBlocks ",
              "Message": "Total number of rooms/ cubicules less than total blocks. \n<br>\nAre you sure this is correct? If correct, just ignore the warning..",
              "Severity": 1
            }
          ],
          "VariableName": "totalRooms"
        },
        {
          "$type": "NumericQuestion",
          "QuestionType": 4,
          "IsInteger": true,
          "UseFormatting": false,
          "Answers": [],
          "Children": [],
          "ConditionExpression": "",
          "HideIfDisabled": false,
          "Featured": false,
          "Instructions": "What is the average number of persons per room/ cubicle on this npd form? Enter below.............",
          "Properties": {
            "HideInstructions": false,
            "UseFormatting": false
          },
          "PublicKey": "9e457dfe-bd9d-4bb3-be03-34c0a881c688",
          "QuestionScope": 0,
          "QuestionText": "(C) Average number of persons per room/ cubicle:",
          "StataExportCaption": "personPerRooms",
          "VariableLabel": "person_per_rooms",
          "IsTimestamp": false,
          "ValidationConditions": [],
          "VariableName": "personPerRooms"
        },
        {
          "$type": "NumericQuestion",
          "QuestionType": 4,
          "IsInteger": true,
          "UseFormatting": false,
          "Answers": [],
          "Children": [],
          "ConditionExpression": "",
          "HideIfDisabled": false,
          "Featured": false,
          "Instructions": "What is the total number of beds on this npd form? Enter below.............",
          "Properties": {
            "HideInstructions": false,
            "UseFormatting": false
          },
          "PublicKey": "1596b858-5d94-42d7-9c15-1d488d015e59",
          "QuestionScope": 0,
          "QuestionText": "(d) Total number of beds",
          "StataExportCaption": "totalBeds",
          "VariableLabel": "total_Beds",
          "IsTimestamp": false,
          "ValidationConditions": [],
          "VariableName": "totalBeds"
        },
        {
          "$type": "NumericQuestion",
          "QuestionType": 4,
          "IsInteger": true,
          "UseFormatting": false,
          "Answers": [],
          "Children": [],
          "ConditionExpression": "",
          "HideIfDisabled": false,
          "Featured": false,
          "Instructions": "What is the approximate number of total person on this npd form? Enter below.............",
          "Properties": {
            "HideInstructions": false,
            "UseFormatting": false
          },
          "PublicKey": "4ec9fa38-1c92-4aa8-bb07-2e877ebca487",
          "QuestionScope": 0,
          "QuestionText": "(e) Approximate number of total person",
          "StataExportCaption": "totalPerson",
          "VariableLabel": "totalPerson",
          "IsTimestamp": false,
          "ValidationConditions": [],
          "VariableName": "totalPerson"
        }
      ],
      "ConditionExpression": "referenceCode != null",
      "HideIfDisabled": false,
      "IsFlatMode": false,
      "IsPlainMode": false,
      "DisplayMode": 0,
      "Enabled": true,
      "Description": "",
      "VariableName": "npdif",
      "IsRoster": false,
      "CustomRosterTitle": false,
      "RosterSizeSource": 0,
      "FixedRosterTitles": [],
      "PublicKey": "6d0bc658-e7bd-3ad9-8c59-41b6884f70e9",
      "Title": "Non-Private Dwelling Information Form (NPDIF)"
    }
  ],
  "Macros": {
    "3033661b-f477-c995-3504-e5b5a63b9b31": {
      "Name": "headspouse_validation",
      "Description": "Head and Spouse cannot have same sex!",
      "Content": "!((hh_roster.Count(x=>(x.C02_relationship==1 &&\n(x.C03_sex==1)))>0 ) && (C02_relationship==2 && \nC03_sex==1 )) && !((hh_roster.Count(x=>(x.C02_relationship==1 \n&& (x.C03_sex==2 ))) >0) && C02_relationship ==2 && C03_sex==2)"
    }
  },
  "LookupTables": {},
  "Attachments": [
    {
      "AttachmentId": "28077462-a507-4033-9ee0-9f5739721a15",
      "Name": "censLogo",
      "ContentId": "6F9F46A754A255E26AE27ED6DE4FD01D408794F1"
    }
  ],
  "Translations": [],
  "Categories": [
    {
      "Id": "c6d66c71-3eb8-20ea-a499-de4ba13a291c",
      "Name": "resultCode"
    },
    {
      "Id": "2d540340-1209-4b63-82dd-0695ef64c85c",
      "Name": "maritalStatus"
    },
    {
      "Id": "21b75b50-5aeb-45c3-8dd6-b9fecc64c8e7",
      "Name": "citizenship"
    },
    {
      "Id": "a35f3d63-ffe7-49ba-8b4f-61dfee1e7176",
      "Name": "gender"
    },
    {
      "Id": "a6ee6839-7c7f-4508-b348-d665669f89bd",
      "Name": "npdType"
    }
  ],
  "ConditionExpression": "",
  "HideIfDisabled": false,
  "CreationDate": "2023-07-14T01:05:48.3975074",
  "LastEntryDate": "2023-07-22T01:07:15.0521341",
  "IsDeleted": false,
  "CreatedBy": "38a3da78-3353-48ab-964c-74119993f7f3",
  "IsPublic": false,
  "PublicKey": "e6b643c0-98da-402e-85a9-a77b80dee95c",
  "Title": "PNG Population and Housing Census 2024 Structural Listing",
  "Description": "",
  "Metadata": {
    "SubTitle": "2024 PNG National Census CAFE",
    "StudyType": 18,
    "Version": "version 0.0.1",
    "VersionNotes": "version 0.0.1",
    "KindOfData": "cen",
    "Country": "PNG",
    "Year": 2024,
    "Language": "English",
    "Funding": "National Government of Papua New Guinea",
    "Consultant": "Mr. Wesley Kaul",
    "ModeOfDataCollection": 1,
    "AgreeToMakeThisQuestionnairePublic": false
  },
  "VariableName": "pngStructuralListing",
  "IsRoster": false,
  "DisplayMode": 0,
  "RosterSizeSource": 0,
  "FixedRosterTitles": [],
  "LastEventSequence": 0,
  "IsUsingExpressionStorage": false,
  "CustomRosterTitle": false,
  "IsCoverPageSupported": true
}